{"displacements":[{"material":0,"element":0}],"materials":[{"material":2,"meshData":{"attributes":["position","normal","uv","uv2"],"elements":[{"mode":4,"material":0,"indexOffset":0,"indexCount":96}],"vertices":[-11264,-9472,-11136,0.7071068,0,-0.7071068,-37,61.50002,0.4128418,0.362793,-11136,-9408,-11008,0.7071068,0,-0.7071068,-36.75,60.79292,0.4128418,0.3637695,-11264,-9088,-11136,0.7071068,0,-0.7071068,-35.5,61.50002,0.4136963,0.362793,-11136,-9056,-11008,0.7071068,0,-0.7071068,-35.375,60.79292,0.4136963,0.3637695,-11264,-8703.999,-11136,0.7071068,0,-0.7071068,-34,61.50002,0.4145508,0.362793,-11136,-8703.999,-11008,0.7071068,0,-0.7071068,-34,60.79292,0.4145508,0.3637695,-11264,-8319.999,-11136,0.7071068,0,-0.7071068,-32.5,61.50002,0.4154053,0.362793,-11136,-8351.998,-11008,0.7071068,0,-0.7071068,-32.625,60.79291,0.4154053,0.3637695,-11264,-7935.999,-11136,0.7071068,0,-0.7071068,-31,61.50002,0.4162598,0.362793,-11136,-7999.999,-11008,0.7071068,0,-0.7071068,-31.24999,60.79291,0.4162598,0.3637695,-11008,-9344,-10880,0.7071068,0,-0.7071068,-36.5,60.08581,0.4128418,0.3647461,-11008,-9024,-10880,0.7071068,0,-0.7071068,-35.25,60.08581,0.4136963,0.3647461,-11008,-8703.999,-10880,0.7071068,0,-0.7071068,-34,60.08581,0.4145508,0.3647461,-11008,-8383.998,-10880,0.7071068,0,-0.7071068,-32.75,60.0858,0.4154053,0.3647461,-11008,-8063.998,-10880,0.7071068,0,-0.7071068,-31.5,60.0858,0.4162598,0.3647461,-10880,-9280,-10752,0.7071067,0,-0.7071067,-36.25,59.3787,0.4128418,0.3657227,-10880,-8992,-10752,0.7071068,0,-0.7071068,-35.125,59.3787,0.4136963,0.3657227,-10880,-8703.999,-10752,0.7071068,0,-0.7071068,-34,59.3787,0.4145508,0.3657227,-10880,-8415.998,-10752,0.7071068,0,-0.7071068,-32.875,59.3787,0.4154053,0.3657227,-10880,-8127.998,-10752,0.7071067,0,-0.7071067,-31.75,59.3787,0.4162598,0.3657227,-10752,-9216,-10624,0.7071068,0,-0.7071068,-36,58.67159,0.4128418,0.3666992,-10752,-8960,-10624,0.7071068,0,-0.7071068,-35,58.67159,0.4136963,0.3666992,-10752,-8703.999,-10624,0.7071068,0,-0.7071068,-34,58.67159,0.4145508,0.3666992,-10752,-8447.998,-10624,0.7071068,0,-0.7071068,-33,58.67159,0.4154053,0.3666992,-10752,-8191.998,-10624,0.7071068,0,-0.7071068,-31.99999,58.67159,0.4162598,0.3666992],"indices":[0,1,2,1,3,2,2,3,4,3,5,4,4,5,6,5,7,6,6,7,8,7,9,8,1,10,3,10,11,3,3,11,5,11,12,5,5,12,7,12,13,7,7,13,9,13,14,9,10,15,11,15,16,11,11,16,12,16,17,12,12,17,13,17,18,13,13,18,14,18,19,14,15,20,16,20,21,16,16,21,17,21,22,17,17,22,18,22,23,18,18,23,19,23,24,19]}}]}